customer_id,order_id,paid_amount,payment_type,discount_amount,promo_code,restaurant_id,ordered_time,arrival_time,order_date
63,1,591,visa,10,pizza40,7,2023-01-23 14:48,2023-01-23 15:18,2023-01-23
94,2,867,cash,4,pizza40,17,2023-02-10 16:52,2023-02-10 17:13,2023-02-10
37,3,442,visa,5,talabat hero,15,2023-02-09 17:16,2023-02-09 18:14,2023-02-09
0,4,557,cash,8,pizza40,2,2023-02-05 18:04,2023-02-05 18:10,2023-02-05
92,5,372,visa,6,pizza40,2,2023-02-03 10:28,2023-02-03 11:19,2023-02-03
60,6,928,cash,4,pizza40,29,2023-02-03 18:13,2023-02-03 19:12,2023-02-03
90,7,498,visa,2,pizza40,15,2023-02-13 17:31,2023-02-13 18:23,2023-02-13
29,8,327,cash,0,NA,17,2023-01-31 14:18,2023-01-31 15:13,2023-01-31
3,9,130,visa,1,talabat hero,5,2023-01-23 17:33,2023-01-23 18:13,2023-01-23
67,10,961,visa,4,pizza40,28,2023-02-13 22:01,2023-02-13 22:13,2023-02-13
15,11,826,visa,1,talabat hero,27,2023-02-12 15:05,2023-02-12 15:19,2023-02-12
37,12,770,visa,2,Happy10,14,2023-02-26 12:13,2023-02-26 12:20,2023-02-26
49,13,781,visa,8,pizza40,24,2023-02-19 10:02,2023-02-19 10:14,2023-02-19
65,14,137,cash,2,Happy10,2,2023-02-15 17:33,2023-02-15 18:13,2023-02-15
97,15,405,cash,0,NA,17,2023-02-10 12:12,2023-02-10 12:13,2023-02-10
58,16,396,cash,2,Happy10,16,2023-02-14 15:37,2023-02-14 16:23,2023-02-14
27,17,343,cash,2,Happy10,6,2023-02-06 12:44,2023-02-06 13:16,2023-02-06
79,18,520,cash,1,Happy10,17,2023-02-12 20:09,2023-02-12 20:22,2023-02-12
24,19,914,cash,0,NA,22,2023-02-09 13:54,2023-02-09 14:10,2023-02-09
59,20,566,cash,0,NA,28,2023-02-12 21:23,2023-02-12 22:14,2023-02-12
85,21,296,cash,0,NA,2,2023-02-07 15:55,2023-02-07 16:13,2023-02-07
10,22,119,cash,0,NA,21,2023-02-08 11:49,2023-02-08 12:11,2023-02-08
68,23,671,cash,0,NA,5,2023-02-15 13:07,2023-02-15 13:17,2023-02-15
18,24,833,cash,0,NA,5,2023-02-19 16:43,2023-02-19 17:13,2023-02-19
41,25,152,visa,6,talabat hero,6,2023-02-19 13:02,2023-02-19 13:11,2023-02-19
3,26,969,visa,3,pizza40,10,2023-02-03 10:32,2023-02-03 11:12,2023-02-03
14,27,20,visa,3,Happy10,27,2023-02-07 15:32,2023-02-07 16:18,2023-02-07
34,28,982,visa,6,Happy10,11,2023-02-24 19:07,2023-02-24 19:16,2023-02-24
61,29,635,visa,6,Happy10,7,2023-02-09 15:06,2023-02-09 15:11,2023-02-09
52,30,680,cash,6,Happy10,2,2023-02-26 18:12,2023-02-26 18:22,2023-02-26
82,31,173,cash,5,talabat hero,6,2023-02-09 20:16,2023-02-09 20:18,2023-02-09
11,32,201,cash,3,talabat hero,2,2023-02-03 10:03,2023-02-03 10:14,2023-02-03
28,33,975,cash,4,Happy10,2,2023-02-09 12:39,2023-02-09 13:12,2023-02-09
19,34,297,cash,4,Happy10,5,2023-02-16 09:24,2023-02-16 10:11,2023-02-16
28,35,50,cash,6,pizza40,5,2023-02-04 13:57,2023-02-04 14:10,2023-02-04
9,36,685,cash,0,NA,2,2023-02-11 10:28,2023-02-11 11:22,2023-02-11
91,37,955,visa,9,talabat hero,17,2023-01-29 18:31,2023-01-29 19:23,2023-01-29
67,38,902,visa,7,talabat hero,9,2023-02-09 16:53,2023-02-09 17:18,2023-02-09
88,39,504,visa,1,talabat hero,29,2023-01-24 19:11,2023-01-24 19:22,2023-01-24
90,40,526,visa,6,pizza40,2,2023-01-31 21:32,2023-01-31 22:14,2023-01-31
16,41,260,visa,1,pizza40,28,2023-02-12 22:00,2023-02-12 22:14,2023-02-12
32,42,114,cash,8,pizza40,15,2023-02-04 14:24,2023-02-04 15:16,2023-02-04
63,43,684,cash,4,Happy10,2,2023-02-06 21:29,2023-02-06 22:20,2023-02-06
18,44,884,cash,1,pizza40,17,2023-02-04 14:31,2023-02-04 15:16,2023-02-04
32,45,598,cash,4,Happy10,2,2023-02-13 19:18,2023-02-13 19:21,2023-02-13
21,46,538,cash,7,Happy10,28,2023-02-10 11:47,2023-02-10 12:14,2023-02-10
34,47,919,cash,8,talabat hero,2,2023-02-10 15:40,2023-02-10 16:17,2023-02-10
1,48,320,cash,1,pizza40,2,2023-02-16 19:34,2023-02-16 20:17,2023-02-16
9,49,841,visa,9,talabat hero,2,2023-02-02 19:42,2023-02-02 20:15,2023-02-02
74,50,245,visa,9,Happy10,17,2023-02-13 09:46,2023-02-13 10:19,2023-02-13
56,51,701,visa,10,talabat hero,17,2023-02-05 14:55,2023-02-05 15:17,2023-02-05
47,52,633,visa,3,Happy10,5,2023-02-04 15:53,2023-02-04 16:20,2023-02-04
73,53,111,visa,5,talabat hero,9,2023-02-02 20:46,2023-02-02 21:17,2023-02-02
30,54,574,cash,9,pizza40,7,2023-01-30 10:52,2023-01-30 11:11,2023-01-30
93,55,796,cash,1,pizza40,2,2023-02-02 13:48,2023-02-02 14:10,2023-02-02
55,56,729,cash,7,Happy10,10,2023-02-16 20:38,2023-02-16 21:11,2023-02-16
52,57,353,cash,6,Happy10,5,2023-02-13 18:08,2023-02-13 18:18,2023-02-13
96,58,907,cash,5,talabat hero,17,2023-02-24 21:28,2023-02-24 22:16,2023-02-24
83,59,489,cash,3,pizza40,2,2023-02-09 16:45,2023-02-09 17:22,2023-02-09
84,60,824,cash,4,talabat hero,15,2023-02-11 12:45,2023-02-11 13:19,2023-02-11
27,61,431,visa,2,Happy10,2,2023-02-11 19:43,2023-02-11 20:16,2023-02-11
85,62,574,visa,8,talabat hero,9,2023-02-16 16:43,2023-02-16 17:23,2023-02-16
13,63,277,visa,0,NA,30,2023-02-06 12:40,2023-02-06 13:10,2023-02-06
19,64,781,visa,0,NA,2,2023-02-07 21:24,2023-02-07 22:16,2023-02-07
18,65,198,visa,3,Happy10,6,2023-02-18 13:04,2023-02-18 13:14,2023-02-18
59,66,710,cash,8,pizza40,21,2023-02-03 12:59,2023-02-03 13:19,2023-02-03
12,67,53,cash,1,talabat hero,15,2023-01-24 23:00,2023-01-24 23:20,2023-01-24
7,68,482,cash,1,pizza40,5,2023-02-03 16:13,2023-02-03 16:15,2023-02-03
95,69,314,cash,1,pizza40,24,2023-02-01 21:09,2023-02-01 21:22,2023-02-01
5,70,728,cash,7,talabat hero,2,2023-02-10 10:52,2023-02-10 11:10,2023-02-10
7,71,20,cash,7,talabat hero,2,2023-01-29 19:12,2023-01-29 19:18,2023-01-29
46,72,923,cash,9,Happy10,17,2023-01-23 11:41,2023-01-23 12:18,2023-01-23
44,73,791,cash,7,talabat hero,2,2023-01-30 17:37,2023-01-30 18:12,2023-01-30
87,74,27,cash,6,Happy10,13,2023-01-29 21:40,2023-01-29 22:17,2023-01-29
30,75,52,cash,9,pizza40,7,2023-02-15 16:24,2023-02-15 17:10,2023-02-15
88,76,164,cash,7,pizza40,5,2023-02-09 12:13,2023-02-09 12:17,2023-02-09
74,77,401,cash,5,Happy10,2,2023-02-10 13:37,2023-02-10 14:18,2023-02-10
45,78,727,cash,6,Happy10,26,2023-02-18 17:28,2023-02-18 18:16,2023-02-18
66,79,238,cash,1,pizza40,2,2023-02-19 16:57,2023-02-19 17:21,2023-02-19
73,80,319,cash,5,Happy10,11,2023-02-13 15:14,2023-02-13 15:19,2023-02-13
42,81,89,cash,2,pizza40,30,2023-01-24 11:02,2023-01-24 11:15,2023-01-24
33,82,479,cash,5,talabat hero,5,2023-02-18 17:47,2023-02-18 18:18,2023-02-18
58,83,691,cash,0,NA,6,2023-02-28 16:36,2023-02-28 17:17,2023-02-28
6,84,578,cash,8,talabat hero,2,2023-02-08 13:08,2023-02-08 13:20,2023-02-08
28,85,511,cash,1,Happy10,2,2023-02-16 11:49,2023-02-16 12:11,2023-02-16
79,86,874,cash,3,Happy10,26,2023-02-18 12:46,2023-02-18 13:16,2023-02-18
68,87,445,cash,8,Happy10,6,2023-02-15 18:35,2023-02-15 19:18,2023-02-15
68,88,603,cash,2,Happy10,5,2023-02-02 09:35,2023-02-02 10:16,2023-02-02
76,89,624,cash,5,Happy10,2,2023-02-13 11:18,2023-02-13 12:12,2023-02-13
71,90,577,cash,0,NA,11,2023-02-14 15:01,2023-02-14 15:22,2023-02-14
5,91,499,cash,6,Happy10,6,2023-02-16 20:11,2023-02-16 20:19,2023-02-16
15,92,722,cash,4,pizza40,5,2023-02-19 16:25,2023-02-19 17:21,2023-02-19
31,93,46,cash,8,talabat hero,22,2023-02-10 16:17,2023-02-10 16:19,2023-02-10
25,94,65,cash,5,Happy10,17,2023-02-08 16:55,2023-02-08 17:18,2023-02-08
93,95,590,cash,1,Happy10,5,2023-01-29 15:38,2023-01-29 16:18,2023-01-29
93,96,63,cash,9,pizza40,17,2023-02-25 17:44,2023-02-25 18:14,2023-02-25
72,97,547,cash,3,Happy10,2,2023-02-06 19:09,2023-02-06 19:22,2023-02-06
23,98,774,cash,8,pizza40,17,2023-02-10 19:27,2023-02-10 20:16,2023-02-10
35,99,303,cash,3,pizza40,2,2023-01-27 22:24,2023-01-27 23:18,2023-01-27
95,100,142,cash,9,pizza40,2,2023-02-04 17:50,2023-02-04 18:12,2023-02-04
54,101,601,cash,6,pizza40,2,2023-02-14 11:27,2023-02-14 12:18,2023-02-14
89,102,544,cash,8,pizza40,2,2023-02-22 20:22,2023-02-22 21:19,2023-02-22
93,103,512,visa,9,talabat hero,5,2023-02-09 19:45,2023-02-09 20:13,2023-02-09
21,104,433,visa,3,talabat hero,2,2023-02-19 16:00,2023-02-19 16:23,2023-02-19
96,105,404,cash,1,pizza40,30,2023-02-04 19:45,2023-02-04 20:15,2023-02-04
70,106,454,cash,6,talabat hero,16,2023-01-31 20:08,2023-01-31 20:20,2023-01-31
47,107,943,cash,2,talabat hero,2,2023-02-02 19:28,2023-02-02 20:10,2023-02-02
87,108,147,cash,3,talabat hero,2,2023-02-16 16:16,2023-02-16 17:14,2023-02-16
72,109,152,cash,4,pizza40,2,2023-02-02 18:11,2023-02-02 18:21,2023-02-02
38,110,570,visa,7,Happy10,13,2023-02-11 21:56,2023-02-11 22:11,2023-02-11
62,111,868,cash,0,NA,22,2023-01-24 19:16,2023-01-24 20:14,2023-01-24
32,112,787,visa,0,NA,10,2023-02-20 15:29,2023-02-20 16:22,2023-02-20
42,113,640,cash,8,talabat hero,28,2023-02-02 20:11,2023-02-02 20:22,2023-02-02
24,114,624,cash,5,Happy10,2,2023-01-30 16:38,2023-01-30 17:21,2023-01-30
90,115,537,cash,3,Happy10,5,2023-02-05 15:03,2023-02-05 15:13,2023-02-05
86,116,38,visa,8,talabat hero,6,2023-02-10 16:03,2023-02-10 16:18,2023-02-10
93,117,447,cash,6,pizza40,17,2023-01-24 22:24,2023-01-24 23:11,2023-01-24
37,118,390,visa,6,Happy10,16,2023-01-23 19:20,2023-01-23 20:16,2023-01-23
7,119,994,cash,1,talabat hero,15,2023-02-05 16:49,2023-02-05 17:12,2023-02-05
50,120,205,visa,2,talabat hero,2,2023-02-09 18:26,2023-02-09 19:14,2023-02-09
85,121,79,cash,7,talabat hero,2,2023-02-23 16:33,2023-02-23 17:14,2023-02-23
47,122,333,cash,1,pizza40,17,2023-02-03 22:23,2023-02-03 23:16,2023-02-03
59,123,340,cash,1,talabat hero,5,2023-02-02 09:40,2023-02-02 10:16,2023-02-02
54,124,717,cash,2,Happy10,6,2023-02-06 14:28,2023-02-06 15:18,2023-02-06
39,125,430,cash,3,pizza40,17,2023-02-10 10:41,2023-02-10 11:20,2023-02-10
8,126,169,visa,4,Happy10,2,2023-02-10 13:10,2023-02-10 13:17,2023-02-10
21,127,337,cash,5,talabat hero,2,2023-02-11 11:45,2023-02-11 12:13,2023-02-11
26,128,201,cash,5,talabat hero,2,2023-01-26 11:15,2023-01-26 12:14,2023-01-26
3,129,842,visa,4,talabat hero,2,2023-02-13 21:59,2023-02-13 22:13,2023-02-13
38,130,85,cash,8,Happy10,2,2023-02-01 12:55,2023-02-01 13:19,2023-02-01
60,131,496,cash,4,talabat hero,21,2023-02-03 22:12,2023-02-03 22:13,2023-02-03
71,132,224,cash,2,talabat hero,26,2023-02-20 13:48,2023-02-20 14:20,2023-02-20
38,133,854,cash,6,talabat hero,17,2023-02-14 13:19,2023-02-14 13:20,2023-02-14
91,134,764,cash,8,pizza40,27,2023-02-07 11:02,2023-02-07 11:21,2023-02-07
97,135,420,cash,9,talabat hero,5,2023-02-24 13:50,2023-02-24 14:10,2023-02-24
62,136,95,visa,6,Happy10,2,2023-02-18 15:05,2023-02-18 15:21,2023-02-18
85,137,473,cash,4,Happy10,23,2023-02-16 10:43,2023-02-16 11:20,2023-02-16
50,138,763,cash,8,talabat hero,2,2023-02-01 18:34,2023-02-01 19:15,2023-02-01
16,139,247,cash,4,Happy10,6,2023-02-26 16:51,2023-02-26 17:15,2023-02-26
23,140,62,cash,9,talabat hero,29,2023-02-07 12:05,2023-02-07 12:17,2023-02-07
7,141,406,cash,3,Happy10,3,2023-02-01 09:51,2023-02-01 10:16,2023-02-01
17,142,496,cash,7,pizza40,5,2023-02-10 20:47,2023-02-10 21:11,2023-02-10
53,143,484,cash,5,Happy10,2,2023-02-18 14:19,2023-02-18 15:12,2023-02-18
37,144,800,cash,7,pizza40,11,2023-02-15 14:14,2023-02-15 15:13,2023-02-15
61,145,238,cash,4,pizza40,5,2023-02-11 13:40,2023-02-11 14:11,2023-02-11
81,146,836,cash,0,NA,17,2023-01-29 21:49,2023-01-29 22:16,2023-01-29
70,147,378,cash,8,Happy10,24,2023-01-26 10:21,2023-01-26 11:18,2023-01-26
20,148,374,cash,2,pizza40,17,2023-02-21 19:58,2023-02-21 20:15,2023-02-21
20,149,993,cash,9,Happy10,6,2023-02-03 12:05,2023-02-03 12:22,2023-02-03
33,150,296,visa,3,Happy10,11,2023-01-26 15:49,2023-01-26 16:12,2023-01-26
34,151,263,cash,8,pizza40,9,2023-01-26 17:15,2023-01-26 17:22,2023-01-26
74,152,724,cash,4,pizza40,14,2023-02-08 12:12,2023-02-08 12:20,2023-02-08
26,153,844,cash,3,pizza40,5,2023-02-17 10:22,2023-02-17 11:18,2023-02-17
58,154,873,cash,6,talabat hero,11,2023-02-04 19:41,2023-02-04 20:13,2023-02-04
6,155,974,cash,5,talabat hero,17,2023-02-05 21:53,2023-02-05 22:12,2023-02-05
72,156,312,cash,2,pizza40,13,2023-02-09 16:24,2023-02-09 17:18,2023-02-09
13,157,17,cash,5,talabat hero,17,2023-02-09 18:46,2023-02-09 19:19,2023-02-09
17,158,897,cash,3,pizza40,3,2023-02-18 18:34,2023-02-18 19:20,2023-02-18
29,159,535,visa,2,Happy10,5,2023-02-14 12:49,2023-02-14 13:13,2023-02-14
61,160,756,visa,3,pizza40,29,2023-02-05 15:53,2023-02-05 16:23,2023-02-05
54,161,66,cash,10,Happy10,11,2023-02-06 21:11,2023-02-06 21:17,2023-02-06
27,162,627,visa,3,talabat hero,17,2023-02-25 15:16,2023-02-25 15:19,2023-02-25
82,163,765,visa,7,talabat hero,27,2023-01-26 12:13,2023-01-26 13:11,2023-01-26
80,164,180,cash,5,pizza40,10,2023-02-08 12:53,2023-02-08 13:16,2023-02-08
57,165,790,cash,9,Happy10,11,2023-02-01 21:17,2023-02-01 21:23,2023-02-01
98,166,945,cash,5,pizza40,2,2023-02-05 19:29,2023-02-05 20:15,2023-02-05
16,167,408,cash,1,Happy10,2,2023-02-28 17:03,2023-02-28 17:20,2023-02-28
28,168,517,cash,3,pizza40,26,2023-02-03 18:39,2023-02-03 19:14,2023-02-03
7,169,23,cash,6,talabat hero,2,2023-02-21 21:46,2023-02-21 22:12,2023-02-21
82,170,203,cash,2,Happy10,29,2023-02-14 11:31,2023-02-14 12:17,2023-02-14
58,171,631,cash,8,pizza40,17,2023-02-15 21:26,2023-02-15 22:13,2023-02-15
5,172,177,cash,1,talabat hero,17,2023-01-24 14:42,2023-01-24 15:16,2023-01-24
99,173,413,cash,3,talabat hero,2,2023-02-03 12:31,2023-02-03 13:11,2023-02-03
57,174,174,cash,8,pizza40,2,2023-02-21 17:27,2023-02-21 18:18,2023-02-21
6,175,490,visa,0,NA,5,2023-02-02 13:01,2023-02-02 13:14,2023-02-02
22,176,370,cash,9,talabat hero,27,2023-02-01 15:49,2023-02-01 16:21,2023-02-01
99,177,82,cash,8,Happy10,23,2023-02-07 15:16,2023-02-07 16:14,2023-02-07
33,178,102,cash,2,talabat hero,2,2023-02-20 13:23,2023-02-20 14:16,2023-02-20
57,179,52,visa,5,talabat hero,12,2023-02-08 11:32,2023-02-08 12:20,2023-02-08
38,180,829,cash,5,Happy10,2,2023-02-07 14:31,2023-02-07 15:19,2023-02-07
57,181,768,cash,4,pizza40,2,2023-02-12 10:58,2023-02-12 11:23,2023-02-12
60,182,57,cash,3,talabat hero,10,2023-02-13 11:30,2023-02-13 12:15,2023-02-13
81,183,384,cash,8,talabat hero,17,2023-02-18 16:57,2023-02-18 17:22,2023-02-18
40,184,860,cash,1,Happy10,2,2023-02-22 16:40,2023-02-22 17:14,2023-02-22
72,185,639,cash,2,Happy10,17,2023-02-11 17:06,2023-02-11 17:14,2023-02-11
73,186,132,cash,4,Happy10,17,2023-02-10 16:23,2023-02-10 17:22,2023-02-10
98,187,565,cash,3,pizza40,2,2023-01-23 16:05,2023-01-23 16:11,2023-01-23
82,188,442,cash,7,talabat hero,11,2023-02-07 15:17,2023-02-07 16:14,2023-02-07
21,189,463,cash,3,talabat hero,26,2023-02-08 18:35,2023-02-08 19:12,2023-02-08
84,190,559,cash,4,talabat hero,2,2023-02-09 11:27,2023-02-09 12:17,2023-02-09
16,191,179,cash,1,Happy10,2,2023-02-06 16:28,2023-02-06 17:21,2023-02-06
23,192,568,cash,4,talabat hero,17,2023-02-17 18:04,2023-02-17 18:20,2023-02-17
69,193,261,cash,5,pizza40,6,2023-02-17 18:08,2023-02-17 18:17,2023-02-17
94,194,476,cash,9,talabat hero,17,2023-02-14 12:45,2023-02-14 13:17,2023-02-14
76,195,521,cash,9,talabat hero,6,2023-02-02 10:01,2023-02-02 10:20,2023-02-02
97,196,150,cash,10,pizza40,17,2023-02-13 15:13,2023-02-13 16:10,2023-02-13
95,197,849,cash,6,talabat hero,17,2023-02-07 11:25,2023-02-07 12:16,2023-02-07
1,198,896,cash,10,pizza40,17,2023-02-05 19:50,2023-02-05 20:22,2023-02-05
45,199,862,cash,1,talabat hero,2,2023-02-13 11:10,2023-02-13 11:13,2023-02-13
8,200,567,cash,5,Happy10,11,2023-01-30 19:36,2023-01-30 20:13,2023-01-30
49,201,924,cash,0,NA,5,2023-02-17 18:31,2023-02-17 19:14,2023-02-17
82,202,431,cash,0,NA,2,2023-02-15 13:46,2023-02-15 14:14,2023-02-15
93,203,697,cash,1,Happy10,2,2023-02-08 17:08,2023-02-08 17:16,2023-02-08
0,204,399,cash,6,Happy10,30,2023-02-19 20:22,2023-02-19 21:18,2023-02-19
72,205,477,cash,4,pizza40,15,2023-01-30 21:32,2023-01-30 22:20,2023-01-30
54,206,440,visa,2,Happy10,2,2023-01-27 19:13,2023-01-27 19:21,2023-01-27
12,207,832,cash,9,talabat hero,2,2023-02-16 10:46,2023-02-16 11:21,2023-02-16
93,208,951,cash,8,pizza40,16,2023-02-15 17:46,2023-02-15 18:16,2023-02-15
46,209,337,cash,9,pizza40,13,2023-02-08 11:28,2023-02-08 12:14,2023-02-08
69,210,579,cash,8,talabat hero,17,2023-02-28 13:38,2023-02-28 14:15,2023-02-28
62,211,563,cash,8,pizza40,2,2023-01-25 19:36,2023-01-25 20:11,2023-01-25
8,212,945,cash,0,NA,2,2023-02-07 15:35,2023-02-07 16:18,2023-02-07
42,213,607,visa,8,Happy10,2,2023-01-31 20:35,2023-01-31 21:18,2023-01-31
32,214,170,cash,6,Happy10,15,2023-02-03 16:09,2023-02-03 16:16,2023-02-03
8,215,931,visa,2,pizza40,5,2023-02-12 13:27,2023-02-12 14:13,2023-02-12
62,216,136,cash,5,Happy10,2,2023-02-17 12:11,2023-02-17 12:12,2023-02-17
82,217,599,visa,6,talabat hero,26,2023-01-23 16:47,2023-01-23 17:15,2023-01-23
29,218,426,cash,6,pizza40,2,2023-02-01 10:24,2023-02-01 11:12,2023-02-01
23,219,252,visa,9,Happy10,23,2023-02-25 19:03,2023-02-25 19:21,2023-02-25
52,220,697,cash,6,talabat hero,17,2023-02-14 11:05,2023-02-14 11:23,2023-02-14
69,221,625,cash,1,Happy10,17,2023-02-16 10:37,2023-02-16 11:20,2023-02-16
19,222,311,cash,7,pizza40,2,2023-02-15 20:14,2023-02-15 21:11,2023-02-15
97,223,678,cash,8,Happy10,16,2023-02-13 12:26,2023-02-13 13:15,2023-02-13
82,224,893,cash,0,NA,2,2023-01-25 12:20,2023-01-25 13:19,2023-01-25
97,225,661,cash,9,Happy10,2,2023-01-24 13:57,2023-01-24 14:20,2023-01-24
51,226,762,cash,7,Happy10,2,2023-02-08 13:58,2023-02-08 14:22,2023-02-08
68,227,541,cash,9,Happy10,2,2023-02-19 14:20,2023-02-19 15:19,2023-02-19
22,228,991,cash,8,Happy10,12,2023-02-28 14:38,2023-02-28 15:18,2023-02-28
78,229,488,cash,7,pizza40,2,2023-02-03 20:29,2023-02-03 21:15,2023-02-03
0,230,47,cash,0,NA,13,2023-02-17 14:16,2023-02-17 14:18,2023-02-17
74,231,633,cash,0,NA,26,2023-02-18 19:54,2023-02-18 20:17,2023-02-18
67,232,317,cash,9,talabat hero,30,2023-02-01 16:42,2023-02-01 17:17,2023-02-01
21,233,345,cash,8,Happy10,17,2023-02-08 21:08,2023-02-08 21:12,2023-02-08
24,234,274,visa,9,pizza40,17,2023-01-31 16:09,2023-01-31 16:12,2023-01-31
41,235,382,cash,5,pizza40,16,2023-02-22 15:36,2023-02-22 16:14,2023-02-22
19,236,121,cash,7,pizza40,3,2023-02-15 11:20,2023-02-15 12:19,2023-02-15
54,237,566,cash,9,talabat hero,12,2023-02-02 16:59,2023-02-02 17:12,2023-02-02
21,238,472,cash,9,Happy10,4,2023-02-06 17:13,2023-02-06 18:12,2023-02-06
6,239,54,cash,5,talabat hero,11,2023-02-20 18:53,2023-02-20 19:12,2023-02-20
55,240,194,cash,7,pizza40,2,2023-02-23 17:44,2023-02-23 18:21,2023-02-23
38,241,903,cash,8,pizza40,2,2023-01-30 11:54,2023-01-30 12:14,2023-01-30
9,242,171,cash,7,Happy10,17,2023-02-02 13:05,2023-02-02 13:19,2023-02-02
72,243,798,cash,5,pizza40,2,2023-02-20 19:12,2023-02-20 19:23,2023-02-20
97,244,219,cash,8,pizza40,2,2023-02-03 21:19,2023-02-03 21:21,2023-02-03
39,245,475,visa,7,talabat hero,6,2023-02-18 14:44,2023-02-18 15:22,2023-02-18
45,246,152,cash,1,Happy10,17,2023-02-08 12:31,2023-02-08 13:14,2023-02-08
55,247,283,cash,6,pizza40,17,2023-02-17 20:16,2023-02-17 20:18,2023-02-17
70,248,470,visa,1,talabat hero,12,2023-02-16 15:12,2023-02-16 15:17,2023-02-16
5,249,352,cash,8,talabat hero,2,2023-02-22 16:59,2023-02-22 17:17,2023-02-22
95,250,852,visa,8,talabat hero,2,2023-01-28 11:13,2023-01-28 12:10,2023-01-28
63,251,183,cash,7,pizza40,2,2023-02-03 13:22,2023-02-03 14:17,2023-02-03
59,252,798,cash,5,Happy10,17,2023-02-16 10:57,2023-02-16 11:18,2023-02-16
62,253,790,cash,6,Happy10,15,2023-02-03 15:24,2023-02-03 16:20,2023-02-03
65,254,960,cash,8,talabat hero,17,2023-02-16 22:23,2023-02-16 23:18,2023-02-16
84,255,539,cash,1,pizza40,17,2023-02-04 18:53,2023-02-04 19:11,2023-02-04
39,256,779,cash,0,NA,5,2023-02-18 13:03,2023-02-18 13:17,2023-02-18
12,257,79,cash,2,Happy10,6,2023-01-26 18:11,2023-01-26 19:10,2023-01-26
59,258,876,cash,3,pizza40,2,2023-02-14 17:56,2023-02-14 18:14,2023-02-14
26,259,311,visa,7,talabat hero,2,2023-02-01 14:25,2023-02-01 15:15,2023-02-01
15,260,568,cash,4,talabat hero,9,2023-02-22 21:31,2023-02-22 22:12,2023-02-22
66,261,724,visa,2,talabat hero,2,2023-02-20 12:32,2023-02-20 13:21,2023-02-20
42,262,62,cash,9,Happy10,17,2023-01-23 15:28,2023-01-23 16:11,2023-01-23
86,263,38,cash,8,talabat hero,10,2023-02-15 13:03,2023-02-15 13:17,2023-02-15
7,264,235,cash,3,pizza40,10,2023-02-15 19:09,2023-02-15 19:10,2023-02-15
10,265,452,cash,5,pizza40,6,2023-01-27 12:31,2023-01-27 13:10,2023-01-27
70,266,759,cash,8,talabat hero,6,2023-02-19 23:14,2023-02-19 23:16,2023-02-19
45,267,611,cash,3,Happy10,17,2023-02-25 18:10,2023-02-25 18:21,2023-02-25
21,268,324,cash,7,talabat hero,5,2023-02-08 12:41,2023-02-08 13:16,2023-02-08
99,269,160,cash,2,pizza40,14,2023-01-27 21:36,2023-01-27 22:13,2023-01-27
0,270,219,visa,9,talabat hero,5,2023-01-27 13:16,2023-01-27 13:20,2023-01-27
5,271,609,cash,6,talabat hero,5,2023-02-12 11:27,2023-02-12 12:17,2023-02-12
60,272,951,visa,10,Happy10,2,2023-01-31 15:52,2023-01-31 16:22,2023-01-31
50,273,418,cash,3,talabat hero,11,2023-01-27 14:45,2023-01-27 15:16,2023-01-27
19,274,369,cash,2,talabat hero,2,2023-02-14 21:53,2023-02-14 22:14,2023-02-14
17,275,491,cash,1,pizza40,2,2023-02-17 21:40,2023-02-17 22:12,2023-02-17
66,276,16,cash,8,Happy10,14,2023-02-03 17:16,2023-02-03 18:14,2023-02-03
83,277,640,cash,7,pizza40,4,2023-02-07 16:34,2023-02-07 17:21,2023-02-07
87,278,779,cash,2,talabat hero,28,2023-02-16 20:45,2023-02-16 21:14,2023-02-16
14,279,254,cash,3,talabat hero,29,2023-02-24 15:03,2023-02-24 15:18,2023-02-24
41,280,990,cash,1,Happy10,2,2023-01-31 12:12,2023-01-31 12:18,2023-01-31
88,281,339,cash,4,talabat hero,2,2023-02-16 12:50,2023-02-16 13:20,2023-02-16
62,282,931,cash,6,talabat hero,21,2023-02-15 19:46,2023-02-15 20:14,2023-02-15
87,283,788,cash,4,Happy10,4,2023-02-02 13:09,2023-02-02 13:11,2023-02-02
56,284,320,cash,10,talabat hero,5,2023-02-24 20:49,2023-02-24 21:17,2023-02-24
88,285,163,cash,1,pizza40,13,2023-01-27 19:54,2023-01-27 20:11,2023-01-27
75,286,15,cash,4,talabat hero,6,2023-02-26 15:26,2023-02-26 16:16,2023-02-26
92,287,302,cash,7,pizza40,13,2023-02-13 21:38,2023-02-13 22:22,2023-02-13
39,288,696,visa,5,talabat hero,12,2023-02-18 13:01,2023-02-18 13:18,2023-02-18
63,289,549,visa,1,Happy10,7,2023-02-10 18:11,2023-02-10 18:18,2023-02-10
95,290,925,cash,5,Happy10,17,2023-02-09 11:39,2023-02-09 12:18,2023-02-09
84,291,620,cash,5,pizza40,17,2023-02-03 17:02,2023-02-03 17:20,2023-02-03
40,292,288,visa,6,talabat hero,28,2023-02-20 17:38,2023-02-20 18:13,2023-02-20
67,293,928,cash,8,Happy10,7,2023-02-23 15:06,2023-02-23 15:23,2023-02-23
80,294,701,cash,4,pizza40,2,2023-02-24 11:11,2023-02-24 11:15,2023-02-24
5,295,102,cash,6,talabat hero,2,2023-02-11 17:12,2023-02-11 17:15,2023-02-11
69,296,625,cash,8,Happy10,6,2023-01-30 10:59,2023-01-30 11:15,2023-01-30
62,297,360,visa,4,Happy10,7,2023-02-28 18:50,2023-02-28 19:16,2023-02-28
16,298,375,cash,9,talabat hero,2,2023-02-25 17:33,2023-02-25 18:20,2023-02-25
27,299,204,visa,8,pizza40,6,2023-02-11 19:45,2023-02-11 20:10,2023-02-11
52,300,919,cash,4,talabat hero,2,2023-02-02 17:14,2023-02-02 17:22,2023-02-02
30,301,367,cash,1,pizza40,6,2023-02-19 18:45,2023-02-19 19:13,2023-02-19
6,302,77,cash,5,pizza40,26,2023-02-14 17:49,2023-02-14 18:21,2023-02-14
78,303,418,cash,5,Happy10,2,2023-02-18 21:54,2023-02-18 22:19,2023-02-18
79,304,531,cash,3,Happy10,2,2023-02-04 14:13,2023-02-04 14:17,2023-02-04
3,305,530,visa,4,talabat hero,8,2023-02-01 11:14,2023-02-01 12:12,2023-02-01
39,306,325,cash,0,NA,9,2023-02-09 13:24,2023-02-09 14:16,2023-02-09
46,307,442,cash,3,talabat hero,6,2023-02-05 13:05,2023-02-05 13:10,2023-02-05
79,308,733,cash,10,Happy10,6,2023-01-31 13:58,2023-01-31 14:12,2023-01-31
63,309,88,visa,10,Happy10,6,2023-01-28 14:37,2023-01-28 15:18,2023-01-28
48,310,575,cash,1,pizza40,2,2023-02-16 20:46,2023-02-16 21:12,2023-02-16
26,311,959,cash,8,Happy10,2,2023-02-01 10:34,2023-02-01 11:15,2023-02-01
55,312,101,cash,7,talabat hero,24,2023-02-03 18:59,2023-02-03 19:12,2023-02-03
25,313,398,cash,8,talabat hero,2,2023-01-25 12:13,2023-01-25 12:21,2023-01-25
53,314,503,cash,7,Happy10,17,2023-02-13 14:36,2023-02-13 15:13,2023-02-13
61,315,314,visa,6,pizza40,16,2023-02-03 16:56,2023-02-03 17:18,2023-02-03
69,316,665,visa,5,Happy10,5,2023-02-06 12:16,2023-02-06 12:21,2023-02-06
26,317,591,cash,8,pizza40,26,2023-02-08 14:52,2023-02-08 15:20,2023-02-08
16,318,989,cash,8,pizza40,6,2023-02-05 17:42,2023-02-05 18:17,2023-02-05
67,319,723,cash,1,talabat hero,2,2023-01-29 19:03,2023-01-29 19:18,2023-01-29
5,320,415,cash,0,NA,2,2023-01-23 21:17,2023-01-23 21:18,2023-01-23
55,321,207,cash,6,Happy10,6,2023-02-02 19:33,2023-02-02 20:22,2023-02-02
50,322,443,cash,3,talabat hero,17,2023-02-21 16:49,2023-02-21 17:12,2023-02-21
85,323,394,cash,9,Happy10,2,2023-01-24 16:00,2023-01-24 16:20,2023-01-24
46,324,886,cash,10,pizza40,2,2023-02-02 19:54,2023-02-02 20:14,2023-02-02
78,325,872,cash,3,pizza40,17,2023-02-09 15:24,2023-02-09 16:21,2023-02-09
58,326,939,cash,3,talabat hero,5,2023-02-06 13:40,2023-02-06 14:21,2023-02-06
46,327,63,cash,4,Happy10,2,2023-02-03 20:51,2023-02-03 21:17,2023-02-03
41,328,323,cash,1,talabat hero,17,2023-02-04 13:53,2023-02-04 14:19,2023-02-04
87,329,331,cash,4,pizza40,2,2023-02-28 10:52,2023-02-28 11:12,2023-02-28
72,330,598,visa,5,Happy10,17,2023-02-12 15:11,2023-02-12 15:13,2023-02-12
58,331,27,visa,4,talabat hero,2,2023-02-19 20:17,2023-02-19 21:14,2023-02-19
98,332,354,cash,8,talabat hero,6,2023-02-23 10:56,2023-02-23 11:20,2023-02-23
15,333,273,cash,8,pizza40,21,2023-01-27 11:57,2023-01-27 12:16,2023-01-27
91,334,813,cash,1,talabat hero,9,2023-02-02 19:52,2023-02-02 20:12,2023-02-02
38,335,682,cash,10,talabat hero,17,2023-01-30 21:15,2023-01-30 21:19,2023-01-30
1,336,202,cash,8,talabat hero,4,2023-02-04 20:17,2023-02-04 20:19,2023-02-04
6,337,403,cash,5,pizza40,22,2023-02-22 12:28,2023-02-22 13:18,2023-02-22
40,338,195,cash,1,talabat hero,2,2023-01-28 11:52,2023-01-28 12:11,2023-01-28
39,339,979,visa,2,pizza40,2,2023-02-10 20:10,2023-02-10 20:22,2023-02-10
46,340,203,cash,3,talabat hero,17,2023-02-19 15:49,2023-02-19 16:20,2023-02-19
24,341,197,visa,5,Happy10,2,2023-02-08 11:56,2023-02-08 12:16,2023-02-08
77,342,554,cash,0,NA,5,2023-01-30 18:36,2023-01-30 19:20,2023-01-30
6,343,942,visa,1,Happy10,5,2023-02-19 15:16,2023-02-19 15:19,2023-02-19
72,344,804,cash,9,pizza40,23,2023-02-16 10:23,2023-02-16 11:18,2023-02-16
26,345,580,cash,9,Happy10,17,2023-02-08 19:53,2023-02-08 20:16,2023-02-08
62,346,873,cash,2,talabat hero,28,2023-02-19 21:09,2023-02-19 21:13,2023-02-19
91,347,595,cash,5,talabat hero,17,2023-01-28 21:53,2023-01-28 22:13,2023-01-28
16,348,286,cash,1,Happy10,17,2023-02-08 19:18,2023-02-08 19:21,2023-02-08
79,349,550,cash,6,talabat hero,7,2023-02-13 17:15,2023-02-13 17:18,2023-02-13
99,350,951,visa,9,talabat hero,5,2023-02-02 13:53,2023-02-02 14:17,2023-02-02
42,351,209,cash,0,NA,28,2023-01-29 18:16,2023-01-29 18:19,2023-01-29
100,352,144,cash,10,Happy10,17,2023-02-25 16:01,2023-02-25 16:20,2023-02-25
40,353,437,cash,9,talabat hero,2,2023-02-23 18:53,2023-02-23 19:21,2023-02-23
46,354,351,cash,0,NA,11,2023-01-24 18:12,2023-01-24 18:17,2023-01-24
51,355,790,cash,2,pizza40,2,2023-02-01 17:32,2023-02-01 18:17,2023-02-01
69,356,463,cash,3,Happy10,2,2023-02-23 22:57,2023-02-23 23:16,2023-02-23
46,357,18,cash,0,NA,2,2023-02-02 17:45,2023-02-02 18:21,2023-02-02
21,358,324,cash,3,pizza40,5,2023-02-25 13:21,2023-02-25 13:22,2023-02-25
9,359,112,visa,2,pizza40,30,2023-02-15 10:18,2023-02-15 10:19,2023-02-15
7,360,637,visa,6,talabat hero,2,2023-02-06 16:51,2023-02-06 17:10,2023-02-06
91,361,227,cash,10,Happy10,17,2023-02-05 17:27,2023-02-05 18:21,2023-02-05
60,362,661,cash,0,NA,21,2023-01-30 12:28,2023-01-30 13:14,2023-01-30
67,363,393,cash,6,pizza40,6,2023-01-28 19:15,2023-01-28 20:13,2023-01-28
70,364,456,visa,4,pizza40,2,2023-02-17 19:51,2023-02-17 20:18,2023-02-17
60,365,549,cash,4,Happy10,2,2023-02-03 10:46,2023-02-03 11:19,2023-02-03
36,366,748,visa,4,talabat hero,6,2023-02-18 13:55,2023-02-18 14:13,2023-02-18
55,367,937,visa,2,talabat hero,23,2023-01-27 15:28,2023-01-27 16:11,2023-01-27
62,368,950,cash,2,talabat hero,5,2023-02-26 20:22,2023-02-26 21:21,2023-02-26
13,369,483,cash,2,Happy10,16,2023-02-23 20:43,2023-02-23 21:13,2023-02-23
8,370,713,cash,1,talabat hero,2,2023-02-09 14:32,2023-02-09 15:11,2023-02-09
34,371,674,cash,1,pizza40,2,2023-01-26 22:12,2023-01-26 22:22,2023-01-26
86,372,362,visa,9,talabat hero,14,2023-02-09 16:57,2023-02-09 17:18,2023-02-09
92,373,652,cash,2,Happy10,12,2023-01-26 19:59,2023-01-26 20:20,2023-01-26
49,374,205,cash,2,pizza40,28,2023-01-26 15:32,2023-01-26 16:13,2023-01-26
88,375,542,cash,4,talabat hero,2,2023-02-19 18:24,2023-02-19 19:17,2023-02-19
42,376,262,cash,8,pizza40,29,2023-02-11 11:42,2023-02-11 12:23,2023-02-11
8,377,229,cash,1,pizza40,2,2023-02-12 16:28,2023-02-12 17:22,2023-02-12
20,378,206,cash,1,Happy10,13,2023-02-20 19:45,2023-02-20 20:11,2023-02-20
82,379,89,cash,5,talabat hero,2,2023-02-04 12:18,2023-02-04 12:21,2023-02-04
54,380,159,cash,5,pizza40,11,2023-02-22 18:01,2023-02-22 18:11,2023-02-22
38,381,373,visa,2,talabat hero,2,2023-02-01 12:31,2023-02-01 13:17,2023-02-01
30,382,327,cash,4,talabat hero,2,2023-02-14 13:29,2023-02-14 14:22,2023-02-14
14,383,505,visa,2,pizza40,17,2023-02-24 09:56,2023-02-24 10:21,2023-02-24
15,384,898,cash,8,talabat hero,17,2023-02-25 17:49,2023-02-25 18:15,2023-02-25
49,385,252,cash,4,talabat hero,2,2023-01-29 20:05,2023-01-29 20:10,2023-01-29
83,386,158,visa,4,talabat hero,29,2023-02-22 18:01,2023-02-22 18:19,2023-02-22
80,387,540,cash,5,pizza40,7,2023-01-28 09:45,2023-01-28 10:21,2023-01-28
61,388,769,visa,2,talabat hero,23,2023-02-06 18:18,2023-02-06 19:12,2023-02-06
67,389,65,cash,2,Happy10,6,2023-02-17 16:42,2023-02-17 17:17,2023-02-17
48,390,598,cash,7,Happy10,17,2023-02-12 17:23,2023-02-12 18:14,2023-02-12
84,391,393,cash,3,Happy10,2,2023-01-27 15:47,2023-01-27 16:20,2023-01-27
15,392,540,cash,3,talabat hero,9,2023-01-27 13:30,2023-01-27 14:17,2023-01-27
32,393,205,cash,7,pizza40,13,2023-02-27 19:02,2023-02-27 19:13,2023-02-27
39,394,575,visa,1,talabat hero,21,2023-01-29 16:53,2023-01-29 17:19,2023-01-29
61,395,719,cash,0,NA,2,2023-01-23 12:22,2023-01-23 13:17,2023-01-23
15,396,532,cash,10,talabat hero,17,2023-02-04 12:30,2023-02-04 13:20,2023-02-04
33,397,310,cash,7,talabat hero,5,2023-02-15 09:44,2023-02-15 10:12,2023-02-15
68,398,176,cash,2,Happy10,2,2023-02-06 19:24,2023-02-06 20:14,2023-02-06
5,399,368,cash,9,Happy10,2,2023-02-12 14:35,2023-02-12 15:18,2023-02-12
85,400,483,cash,0,NA,3,2023-02-14 15:55,2023-02-14 16:17,2023-02-14
16,401,511,cash,10,Happy10,16,2023-02-04 13:29,2023-02-04 14:20,2023-02-04
45,402,32,cash,3,talabat hero,17,2023-02-12 12:10,2023-02-12 12:20,2023-02-12
92,403,314,cash,2,talabat hero,9,2023-02-07 21:10,2023-02-07 21:22,2023-02-07
19,404,161,cash,7,pizza40,2,2023-02-06 18:19,2023-02-06 18:22,2023-02-06
32,405,615,cash,7,pizza40,2,2023-02-16 15:53,2023-02-16 16:13,2023-02-16
63,406,735,cash,5,Happy10,5,2023-01-26 13:07,2023-01-26 13:18,2023-01-26
2,407,519,visa,3,Happy10,13,2023-02-12 16:43,2023-02-12 17:16,2023-02-12
31,408,619,cash,8,pizza40,2,2023-02-25 21:25,2023-02-25 22:20,2023-02-25
13,409,308,cash,7,pizza40,5,2023-02-15 11:08,2023-02-15 11:15,2023-02-15
79,410,176,cash,3,talabat hero,17,2023-02-13 20:15,2023-02-13 20:21,2023-02-13
32,411,148,visa,9,Happy10,11,2023-02-16 13:23,2023-02-16 14:11,2023-02-16
52,412,511,cash,5,pizza40,2,2023-02-08 18:08,2023-02-08 18:16,2023-02-08
60,413,734,cash,1,talabat hero,2,2023-02-09 16:06,2023-02-09 16:21,2023-02-09
90,414,953,cash,7,pizza40,26,2023-02-07 17:05,2023-02-07 17:16,2023-02-07
48,415,625,cash,7,pizza40,2,2023-01-31 20:41,2023-01-31 21:19,2023-01-31
79,416,137,cash,0,NA,26,2023-02-08 12:22,2023-02-08 13:12,2023-02-08
34,417,934,visa,1,talabat hero,2,2023-02-13 17:02,2023-02-13 17:15,2023-02-13
4,418,426,cash,6,Happy10,8,2023-02-11 21:11,2023-02-11 21:19,2023-02-11
63,419,537,visa,5,talabat hero,2,2023-02-13 17:31,2023-02-13 18:22,2023-02-13
36,420,742,cash,5,Happy10,2,2023-02-02 18:15,2023-02-02 19:14,2023-02-02
92,421,744,cash,7,talabat hero,2,2023-02-14 21:33,2023-02-14 22:19,2023-02-14
16,422,554,cash,5,pizza40,17,2023-02-09 13:45,2023-02-09 14:17,2023-02-09
88,423,249,cash,4,talabat hero,7,2023-02-08 16:56,2023-02-08 17:18,2023-02-08
63,424,113,visa,7,talabat hero,26,2023-01-30 15:51,2023-01-30 16:13,2023-01-30
99,425,677,cash,3,pizza40,17,2023-01-30 13:41,2023-01-30 14:20,2023-01-30
56,426,397,visa,7,talabat hero,6,2023-02-08 20:04,2023-02-08 20:22,2023-02-08
80,427,428,cash,8,Happy10,6,2023-01-24 10:42,2023-01-24 11:18,2023-01-24
46,428,720,cash,5,Happy10,23,2023-02-22 16:07,2023-02-22 16:15,2023-02-22
8,429,222,visa,3,talabat hero,23,2023-02-21 11:53,2023-02-21 12:16,2023-02-21
100,430,48,visa,3,Happy10,13,2023-02-13 17:42,2023-02-13 18:22,2023-02-13
28,431,366,visa,8,pizza40,2,2023-02-19 20:57,2023-02-19 21:23,2023-02-19
64,432,481,visa,9,pizza40,12,2023-02-22 12:26,2023-02-22 13:20,2023-02-22
52,433,783,cash,9,talabat hero,17,2023-02-15 16:34,2023-02-15 17:12,2023-02-15
10,434,800,visa,9,Happy10,15,2023-02-05 13:34,2023-02-05 14:16,2023-02-05
71,435,109,cash,9,talabat hero,2,2023-02-17 11:22,2023-02-17 12:11,2023-02-17
77,436,722,visa,6,pizza40,17,2023-02-16 16:18,2023-02-16 16:23,2023-02-16
21,437,144,cash,9,pizza40,6,2023-02-09 18:07,2023-02-09 18:23,2023-02-09
69,438,556,visa,4,talabat hero,29,2023-02-14 12:58,2023-02-14 13:10,2023-02-14
71,439,925,cash,0,NA,8,2023-02-25 14:15,2023-02-25 15:11,2023-02-25
77,440,66,cash,9,talabat hero,5,2023-02-19 12:07,2023-02-19 12:19,2023-02-19
55,441,972,cash,9,pizza40,5,2023-02-23 16:20,2023-02-23 17:14,2023-02-23
25,442,854,cash,3,Happy10,17,2023-02-12 12:07,2023-02-12 12:15,2023-02-12
40,443,552,visa,8,talabat hero,2,2023-02-24 19:30,2023-02-24 20:15,2023-02-24
82,444,787,cash,8,talabat hero,8,2023-02-13 09:45,2023-02-13 10:20,2023-02-13
79,445,376,cash,3,Happy10,21,2023-01-28 17:36,2023-01-28 18:17,2023-01-28
41,446,373,cash,4,Happy10,2,2023-02-11 20:57,2023-02-11 21:17,2023-02-11
12,447,39,visa,8,talabat hero,17,2023-02-26 22:55,2023-02-26 23:18,2023-02-26
96,448,642,cash,3,Happy10,5,2023-02-05 16:08,2023-02-05 16:19,2023-02-05
53,449,923,cash,8,pizza40,7,2023-02-03 19:19,2023-02-03 20:16,2023-02-03
92,450,476,cash,7,pizza40,24,2023-02-03 14:14,2023-02-03 14:18,2023-02-03
30,451,678,cash,7,Happy10,2,2023-02-04 13:45,2023-02-04 14:11,2023-02-04
54,452,292,cash,2,Happy10,17,2023-02-07 13:16,2023-02-07 14:13,2023-02-07
75,453,859,cash,9,talabat hero,17,2023-01-31 16:32,2023-01-31 17:18,2023-01-31
80,454,157,cash,3,Happy10,5,2023-02-23 15:14,2023-02-23 16:12,2023-02-23
29,455,721,cash,9,pizza40,21,2023-01-31 15:22,2023-01-31 16:13,2023-01-31
25,456,235,cash,8,pizza40,13,2023-02-20 22:24,2023-02-20 23:23,2023-02-20
21,457,497,cash,8,talabat hero,6,2023-02-15 11:40,2023-02-15 12:21,2023-02-15
23,458,753,cash,6,Happy10,2,2023-02-17 18:02,2023-02-17 18:10,2023-02-17
69,459,102,cash,9,pizza40,8,2023-02-07 10:44,2023-02-07 11:11,2023-02-07
1,460,583,cash,6,talabat hero,10,2023-02-16 15:44,2023-02-16 16:21,2023-02-16
41,461,853,cash,8,pizza40,6,2023-02-17 22:06,2023-02-17 22:19,2023-02-17
95,462,894,cash,3,talabat hero,2,2023-02-01 20:19,2023-02-01 21:11,2023-02-01
27,463,338,cash,8,Happy10,2,2023-02-20 17:00,2023-02-20 17:13,2023-02-20
53,464,109,visa,2,Happy10,2,2023-02-15 22:09,2023-02-15 22:23,2023-02-15
43,465,666,visa,3,Happy10,2,2023-02-08 21:12,2023-02-08 21:16,2023-02-08
67,466,496,visa,1,talabat hero,2,2023-02-05 11:07,2023-02-05 11:17,2023-02-05
43,467,166,visa,7,Happy10,2,2023-02-18 17:50,2023-02-18 18:15,2023-02-18
44,468,753,visa,8,talabat hero,17,2023-02-03 12:49,2023-02-03 13:21,2023-02-03
52,469,863,cash,4,pizza40,7,2023-02-20 11:49,2023-02-20 12:13,2023-02-20
6,470,25,visa,1,pizza40,2,2023-01-31 21:27,2023-01-31 22:16,2023-01-31
30,471,225,cash,1,Happy10,2,2023-02-17 11:18,2023-02-17 12:14,2023-02-17
72,472,157,cash,9,talabat hero,2,2023-01-24 14:45,2023-01-24 15:23,2023-01-24
85,473,393,cash,3,talabat hero,22,2023-02-04 11:38,2023-02-04 12:21,2023-02-04
20,474,863,visa,10,pizza40,5,2023-02-18 18:42,2023-02-18 19:22,2023-02-18
51,475,288,cash,3,Happy10,12,2023-02-03 14:33,2023-02-03 15:17,2023-02-03
44,476,882,cash,7,pizza40,27,2023-02-12 22:45,2023-02-12 23:11,2023-02-12
45,477,98,visa,10,Happy10,2,2023-02-19 12:06,2023-02-19 12:12,2023-02-19
48,478,397,cash,3,pizza40,8,2023-02-24 16:15,2023-02-24 16:19,2023-02-24
23,479,108,cash,4,Happy10,2,2023-02-15 10:06,2023-02-15 10:22,2023-02-15
7,480,647,visa,5,Happy10,28,2023-02-24 13:45,2023-02-24 14:19,2023-02-24
60,481,952,cash,5,Happy10,2,2023-02-05 18:12,2023-02-05 18:22,2023-02-05
88,482,342,cash,9,talabat hero,24,2023-02-14 20:13,2023-02-14 20:17,2023-02-14
23,483,954,cash,9,Happy10,2,2023-02-12 13:55,2023-02-12 14:21,2023-02-12
18,484,339,visa,1,pizza40,21,2023-02-16 17:24,2023-02-16 18:15,2023-02-16
32,485,582,cash,1,Happy10,2,2023-02-07 16:54,2023-02-07 17:10,2023-02-07
87,486,905,cash,4,talabat hero,29,2023-02-27 14:54,2023-02-27 15:17,2023-02-27
87,487,293,cash,4,Happy10,12,2023-02-17 19:42,2023-02-17 20:11,2023-02-17
88,488,529,visa,9,Happy10,13,2023-02-25 15:06,2023-02-25 15:14,2023-02-25
96,489,424,cash,4,Happy10,24,2023-01-29 21:11,2023-01-29 21:12,2023-01-29
17,490,608,cash,4,pizza40,2,2023-02-05 18:15,2023-02-05 18:17,2023-02-05
86,491,886,cash,3,Happy10,7,2023-02-19 17:09,2023-02-19 17:12,2023-02-19
27,492,960,cash,7,talabat hero,7,2023-01-23 18:56,2023-01-23 19:13,2023-01-23
62,493,286,cash,4,talabat hero,11,2023-02-28 19:14,2023-02-28 19:22,2023-02-28
64,494,1,cash,3,pizza40,2,2023-01-24 16:57,2023-01-24 17:11,2023-01-24
83,495,769,cash,9,talabat hero,5,2023-01-23 12:36,2023-01-23 13:12,2023-01-23
0,496,764,visa,0,NA,7,2023-01-31 14:28,2023-01-31 15:14,2023-01-31
59,497,357,cash,3,talabat hero,6,2023-02-09 16:35,2023-02-09 17:18,2023-02-09
70,498,16,cash,5,talabat hero,3,2023-02-10 19:01,2023-02-10 19:11,2023-02-10
16,499,197,cash,7,pizza40,17,2023-02-04 18:14,2023-02-04 18:21,2023-02-04
26,500,206,cash,9,pizza40,27,2023-02-10 21:14,2023-02-10 22:13,2023-02-10
63,501,880,visa,5,pizza40,2,2023-02-23 13:53,2023-02-23 14:12,2023-02-23
86,502,434,visa,2,pizza40,2,2023-02-09 13:04,2023-02-09 13:17,2023-02-09
83,503,671,cash,6,Happy10,2,2023-02-08 13:19,2023-02-08 14:10,2023-02-08
67,504,381,visa,5,pizza40,2,2023-01-26 13:44,2023-01-26 14:20,2023-01-26
87,505,837,visa,1,talabat hero,2,2023-02-21 14:39,2023-02-21 15:15,2023-02-21
60,506,766,cash,6,pizza40,2,2023-02-06 12:50,2023-02-06 13:12,2023-02-06
14,507,572,cash,10,talabat hero,23,2023-02-07 19:42,2023-02-07 20:12,2023-02-07
9,508,606,visa,1,Happy10,4,2023-02-22 17:41,2023-02-22 18:12,2023-02-22
76,509,979,visa,9,pizza40,5,2023-02-08 12:45,2023-02-08 13:19,2023-02-08
41,510,897,cash,7,talabat hero,5,2023-02-26 12:47,2023-02-26 13:23,2023-02-26
34,511,765,visa,6,pizza40,7,2023-02-16 09:38,2023-02-16 10:15,2023-02-16
73,512,218,visa,4,talabat hero,11,2023-01-30 16:18,2023-01-30 16:20,2023-01-30
34,513,437,visa,5,pizza40,5,2023-02-14 09:25,2023-02-14 10:21,2023-02-14
39,514,987,cash,4,talabat hero,2,2023-02-02 20:23,2023-02-02 21:14,2023-02-02
86,515,793,cash,2,Happy10,2,2023-02-20 21:40,2023-02-20 22:10,2023-02-20
4,516,98,cash,7,talabat hero,29,2023-01-30 10:29,2023-01-30 11:15,2023-01-30
36,517,998,cash,6,pizza40,17,2023-02-09 13:37,2023-02-09 14:21,2023-02-09
9,518,443,cash,2,pizza40,3,2023-01-24 11:34,2023-01-24 12:20,2023-01-24
26,519,890,cash,1,Happy10,2,2023-02-22 09:33,2023-02-22 10:21,2023-02-22
23,520,553,visa,1,talabat hero,2,2023-01-31 16:10,2023-01-31 16:16,2023-01-31
47,521,812,cash,9,Happy10,2,2023-02-06 18:38,2023-02-06 19:16,2023-02-06
1,522,285,cash,2,Happy10,27,2023-02-08 11:34,2023-02-08 12:11,2023-02-08
21,523,141,cash,7,talabat hero,6,2023-02-20 13:29,2023-02-20 14:20,2023-02-20
88,524,67,visa,4,talabat hero,2,2023-02-08 15:22,2023-02-08 15:23,2023-02-08
98,525,972,visa,4,pizza40,5,2023-02-04 15:40,2023-02-04 16:16,2023-02-04
73,526,840,cash,9,pizza40,26,2023-01-27 15:30,2023-01-27 16:15,2023-01-27
95,527,526,cash,6,talabat hero,9,2023-02-01 13:33,2023-02-01 14:17,2023-02-01
87,528,86,cash,2,talabat hero,17,2023-02-15 18:19,2023-02-15 19:11,2023-02-15
3,529,900,cash,8,Happy10,2,2023-02-19 16:38,2023-02-19 17:22,2023-02-19
72,530,501,cash,7,Happy10,17,2023-02-14 10:17,2023-02-14 11:14,2023-02-14
1,531,490,cash,6,pizza40,4,2023-02-17 22:22,2023-02-17 23:12,2023-02-17
32,532,192,cash,8,Happy10,10,2023-02-18 11:47,2023-02-18 12:15,2023-02-18
92,533,955,cash,1,pizza40,2,2023-02-25 17:03,2023-02-25 17:11,2023-02-25
80,534,248,visa,3,pizza40,2,2023-02-13 18:16,2023-02-13 18:20,2023-02-13
65,535,924,cash,2,Happy10,6,2023-02-14 19:05,2023-02-14 19:12,2023-02-14
1,536,974,visa,9,pizza40,2,2023-02-14 13:33,2023-02-14 14:17,2023-02-14
94,537,987,cash,7,pizza40,2,2023-02-13 10:34,2023-02-13 11:19,2023-02-13
67,538,714,cash,1,talabat hero,2,2023-02-28 14:10,2023-02-28 14:21,2023-02-28
76,539,133,cash,5,pizza40,13,2023-02-19 13:18,2023-02-19 13:21,2023-02-19
92,540,415,cash,2,Happy10,2,2023-02-20 12:53,2023-02-20 13:18,2023-02-20
44,541,866,cash,7,Happy10,17,2023-02-05 16:14,2023-02-05 17:13,2023-02-05
87,542,864,cash,5,pizza40,2,2023-02-15 13:20,2023-02-15 14:14,2023-02-15
33,543,454,cash,5,talabat hero,5,2023-02-01 22:44,2023-02-01 23:17,2023-02-01
93,544,879,visa,6,talabat hero,2,2023-02-19 13:53,2023-02-19 14:12,2023-02-19
30,545,114,cash,2,Happy10,2,2023-02-16 13:44,2023-02-16 14:13,2023-02-16
60,546,753,visa,9,talabat hero,2,2023-02-16 21:44,2023-02-16 22:18,2023-02-16
89,547,647,visa,7,talabat hero,2,2023-02-22 13:31,2023-02-22 14:12,2023-02-22
11,548,616,cash,2,Happy10,15,2023-02-01 15:54,2023-02-01 16:23,2023-02-01
30,549,898,cash,8,talabat hero,16,2023-02-16 21:50,2023-02-16 22:12,2023-02-16
100,550,428,cash,4,talabat hero,15,2023-02-19 12:09,2023-02-19 12:17,2023-02-19
33,551,125,visa,4,pizza40,26,2023-02-20 15:23,2023-02-20 16:16,2023-02-20
74,552,239,visa,9,pizza40,6,2023-02-02 22:35,2023-02-02 23:11,2023-02-02
2,553,568,cash,7,pizza40,2,2023-02-01 16:26,2023-02-01 17:17,2023-02-01
83,554,739,cash,10,talabat hero,14,2023-02-27 19:55,2023-02-27 20:23,2023-02-27
53,555,346,cash,0,NA,2,2023-01-26 19:56,2023-01-26 20:16,2023-01-26
99,556,841,visa,7,pizza40,6,2023-02-01 13:15,2023-02-01 13:18,2023-02-01
22,557,836,cash,5,pizza40,28,2023-02-13 14:43,2023-02-13 15:18,2023-02-13
92,558,745,cash,9,Happy10,5,2023-02-19 11:51,2023-02-19 12:18,2023-02-19
49,559,424,cash,7,talabat hero,2,2023-02-01 18:16,2023-02-01 18:20,2023-02-01
8,560,209,visa,3,Happy10,4,2023-02-10 19:09,2023-02-10 19:21,2023-02-10
23,561,445,visa,4,Happy10,5,2023-01-25 11:13,2023-01-25 11:21,2023-01-25
53,562,423,cash,2,Happy10,4,2023-02-21 14:37,2023-02-21 15:22,2023-02-21
89,563,125,visa,1,pizza40,17,2023-02-28 19:41,2023-02-28 20:20,2023-02-28
96,564,141,cash,2,talabat hero,6,2023-02-05 20:25,2023-02-05 21:11,2023-02-05
47,565,920,cash,0,NA,2,2023-02-20 18:03,2023-02-20 18:11,2023-02-20
50,566,594,cash,10,pizza40,6,2023-02-01 12:01,2023-02-01 12:11,2023-02-01
52,567,923,visa,1,talabat hero,17,2023-02-07 10:56,2023-02-07 11:15,2023-02-07
53,568,990,cash,3,talabat hero,12,2023-01-26 18:14,2023-01-26 18:16,2023-01-26
32,569,522,cash,2,talabat hero,11,2023-02-12 13:04,2023-02-12 13:16,2023-02-12
0,570,343,visa,9,talabat hero,2,2023-02-11 20:51,2023-02-11 21:15,2023-02-11
90,571,742,cash,4,pizza40,2,2023-02-07 14:03,2023-02-07 14:22,2023-02-07
47,572,378,cash,9,talabat hero,3,2023-02-15 14:51,2023-02-15 15:22,2023-02-15
88,573,104,cash,6,talabat hero,14,2023-02-19 18:28,2023-02-19 19:16,2023-02-19
98,574,702,visa,9,talabat hero,2,2023-02-06 21:15,2023-02-06 21:22,2023-02-06
75,575,312,cash,5,talabat hero,2,2023-01-31 18:54,2023-01-31 19:13,2023-01-31
33,576,501,cash,2,talabat hero,23,2023-02-11 17:18,2023-02-11 18:11,2023-02-11
52,577,927,visa,3,Happy10,2,2023-01-24 11:11,2023-01-24 11:15,2023-01-24
35,578,73,visa,8,pizza40,2,2023-02-10 21:47,2023-02-10 22:22,2023-02-10
72,579,838,cash,8,talabat hero,2,2023-02-13 22:06,2023-02-13 22:22,2023-02-13
41,580,557,cash,2,Happy10,17,2023-01-31 14:54,2023-01-31 15:20,2023-01-31
69,581,823,cash,9,talabat hero,9,2023-02-07 10:02,2023-02-07 10:14,2023-02-07
88,582,644,cash,7,talabat hero,2,2023-01-27 19:39,2023-01-27 20:12,2023-01-27
72,583,796,visa,7,talabat hero,14,2023-02-17 20:25,2023-02-17 21:22,2023-02-17
79,584,592,cash,9,pizza40,5,2023-02-14 13:41,2023-02-14 14:14,2023-02-14
5,585,347,cash,7,Happy10,10,2023-02-11 11:44,2023-02-11 12:22,2023-02-11
83,586,72,cash,3,pizza40,17,2023-01-27 10:32,2023-01-27 11:12,2023-01-27
23,587,254,cash,9,Happy10,2,2023-02-06 12:02,2023-02-06 12:13,2023-02-06
82,588,541,cash,0,NA,24,2023-02-10 20:22,2023-02-10 21:11,2023-02-10
20,589,634,visa,0,NA,2,2023-02-19 16:18,2023-02-19 16:20,2023-02-19
55,590,834,visa,6,Happy10,17,2023-02-11 19:45,2023-02-11 20:14,2023-02-11
7,591,32,cash,9,pizza40,6,2023-02-08 21:57,2023-02-08 22:11,2023-02-08
70,592,268,visa,2,pizza40,28,2023-02-17 18:58,2023-02-17 19:17,2023-02-17
52,593,763,cash,3,talabat hero,21,2023-02-12 15:47,2023-02-12 16:13,2023-02-12
79,594,915,cash,8,Happy10,23,2023-02-01 23:09,2023-02-01 23:15,2023-02-01
60,595,436,cash,8,talabat hero,29,2023-02-08 17:55,2023-02-08 18:19,2023-02-08
10,596,211,visa,9,pizza40,6,2023-02-16 20:19,2023-02-16 21:18,2023-02-16
19,597,349,cash,7,talabat hero,6,2023-02-01 19:42,2023-02-01 20:11,2023-02-01
89,598,3,cash,0,NA,2,2023-02-24 12:03,2023-02-24 12:23,2023-02-24
72,599,12,cash,8,talabat hero,2,2023-01-25 11:45,2023-01-25 12:15,2023-01-25
31,600,618,cash,10,pizza40,17,2023-02-03 14:00,2023-02-03 14:20,2023-02-03
92,601,936,cash,3,Happy10,8,2023-02-19 21:41,2023-02-19 22:20,2023-02-19
94,602,918,visa,0,NA,2,2023-02-11 19:25,2023-02-11 20:20,2023-02-11